time,operators,notifySiteOps,typeOfArea,instrumentClass,siteFacilityCode,typeOfVegetation,notifyInstrumentMentor,moistureOnVegetation,vegetationConditions,surfaceSoilConditions,approximateHeightOfVegetationInsideFenceMeters,approximateHeightOfVegetationOutsideButNearFenceMeters,reportId,reportKey,reportSiteCode,reportFacilityCode,reportInstrumentClass,reportedOn,reporterId,reportStateCode,reportDataType,reportFrequencyCode,comments,landCoverType_0_1,landCoverType_0_3,heightOfVegetation_0_2,heightOfVegetation_0_4
2024-09-17 17:03:00,Eli Carle,False,Derived from Grazed Grassland ,sfccond,bnf:S20,Mostly Clumped Grass,False,Mostly Wet Due to Rain or Dew,"Lush Green, Unwilted ",Moist but Not Muddy ,0,1,160587,PM-2024-BNF-S20-00011,bnf,S20,sfccond,2024-09-17T20:23:31.476+00:00,24975,NEW,PMR,WEEKLY,,,,,
2024-09-18 16:11:00,Eli Carle,False,Native Prairie ,sfccond,bnf:S40,Mostly Clumped Grass,False,Slightly Wet Due to Rain or Dew,"Lush Green, Unwilted ",Moist but Not Muddy ,.5,.5,160678,PM-2024-BNF-S40-00011,bnf,S40,sfccond,2024-09-18T17:26:27.064+00:00,24975,NEW,PMR,WEEKLY,,,,,
2024-09-20 15:55:00,Eli Carle,False,Native Prairie ,sfccond,bnf:S30,Mostly Clumped Grass,False,Dry,Fully Green but Noticeably Wilted ,Moist but Not Muddy ,.5,.5,160951,PM-2024-BNF-S30-00008,bnf,S30,sfccond,2024-09-20T16:00:17.445+00:00,24975,NEW,PMR,WEEKLY,,,,,
2024-09-23 14:41:00,Eli Carle,False,Native Prairie ,sfccond,bnf:S30,Mostly Clumped Grass,False,Dry,Fully Green but Noticeably Wilted ,Dry and Dusty ,.5,.5,161136,PM-2024-BNF-S30-00017,bnf,S30,sfccond,2024-09-23T17:50:34.178+00:00,24975,NEW,PMR,WEEKLY,,,,,
2024-09-23 20:05:00,Hunter Mcspadden,False,Native Prairie ,sfccond,bnf:S40,Mostly Clumped Grass,False,Dry,"Lush Green, Unwilted ",Dry and Dusty ,0.3,0.3,161344,PM-2024-BNF-S40-00023,bnf,S40,sfccond,2024-09-24T20:27:06.478+00:00,25055,NEW,PMR,WEEKLY,,,,,
2024-09-24 16:11:00,Eli Carle,False,Native Prairie ,sfccond,bnf:S20,Mostly Clumped Grass,False,Dry,"Green W/ Brown Patches because of Hot, Dry Weather",Dry and Dusty ,0,1,161269,PM-2024-BNF-S20-00022,bnf,S20,sfccond,2024-09-24T17:49:43.746+00:00,24975,NEW,PMR,WEEKLY,,,,,
2024-09-30 18:30:00,Hunter Mcspadden,False,Native Prairie ,sfccond,bnf:S20,Unanticipated Conditions - See Comments ,False,Mostly Wet Due to Rain or Dew,,Moist but Not Muddy ,0,1,162151,PM-2024-BNF-S20-00035,bnf,S20,sfccond,2024-10-02T17:58:16.591+00:00,25055,NEW,PMR,WEEKLY,no glass inside the fence,,,,
2024-10-01 16:37:00,Eli Carle,False,Native Prairie ,sfccond,bnf:S40,Mostly Clumped Grass,False,Slightly Wet Due to Rain or Dew,Fully Green but Noticeably Wilted ,Moist but Not Muddy ,.5,.5,162019,PM-2024-BNF-S40-00034,bnf,S40,sfccond,2024-10-01T21:31:10.025+00:00,24975,NEW,PMR,WEEKLY,,,,,
2024-10-01 18:46:00,Eli Carle,False,Native Prairie ,sfccond,bnf:S30,Mostly Clumped Grass,False,Slightly Wet Due to Rain or Dew,Fully Green but Noticeably Wilted ,Moist but Not Muddy ,.5,.5,162006,PM-2024-BNF-S30-00026,bnf,S30,sfccond,2024-10-01T20:19:00.017+00:00,24975,NEW,PMR,WEEKLY,,,,,
2024-10-07 19:42:00,Eli Carle,False,Native Prairie ,sfccond,bnf:S40,Mostly Clumped Grass,False,Dry,Fully Green but Noticeably Wilted ,Dry and Dusty ,1,1,162661,PM-2024-BNF-S40-00046,bnf,S40,sfccond,2024-10-07T20:47:46.555+00:00,24975,NEW,PMR,WEEKLY,,,,,
2024-10-08 15:54:00,Eli Carle,False,Native Prairie ,sfccond,bnf:S30,Mostly Clumped Grass,False,Dry,Fully Green but Noticeably Wilted ,Dry and Dusty ,.5,.5,162734,PM-2024-BNF-S30-00037,bnf,S30,sfccond,2024-10-08T17:37:34.488+00:00,24975,NEW,PMR,WEEKLY,,,,,
2024-10-11 19:46:00,Eli Carle,False,Native Prairie ,sfccond,bnf:S20,Mostly Clumped Grass,False,Dry,"Mostly Brown due to Hot, Dry Weather",Dry and Dusty ,0,1,163238,PM-2024-BNF-S20-00046,bnf,S20,sfccond,2024-10-11T20:21:33.492+00:00,24975,NEW,PMR,WEEKLY,,,,,
2024-10-16 16:40:00,Eli Carle,False,Native Prairie ,sfccond,bnf:S30,Mostly Clumped Grass,False,Dry,Fully Green but Noticeably Wilted ,Dry and Dusty ,.5,.5,163633,PM-2024-BNF-S30-00046,bnf,S30,sfccond,2024-10-16T17:52:26.482+00:00,24975,NEW,PMR,WEEKLY,,,,,
2024-10-17 16:09:00,Eli Carle,False,Native Prairie ,sfccond,bnf:S40,Mostly Clumped Grass,False,Dry,"Lush Green, Unwilted ",Dry and Dusty ,1,1,163793,PM-2024-BNF-S40-00058,bnf,S40,sfccond,2024-10-17T18:22:51.747+00:00,24975,NEW,PMR,WEEKLY,,,,,
2024-10-18 16:52:00,Eli Carle,False,Native Prairie ,sfccond,bnf:S20,Mostly Clumped Grass,False,Dry,"Lush Green, Unwilted ",Dry and Dusty ,0,.5,163974,PM-2024-BNF-S20-00058,bnf,S20,sfccond,2024-10-18T19:32:27.537+00:00,24975,NEW,PMR,WEEKLY,,,,,
2024-10-21 12:27:00,Hunter Mcspadden,False,Native Prairie ,sfccond,bnf:S30,Mostly Clumped Grass,False,Dry,Fully Green but Noticeably Wilted ,Dry and Dusty ,.3048,.0508,164153,PM-2024-BNF-S30-00055,bnf,S30,sfccond,2024-10-21T20:04:46.204+00:00,25055,NEW,PMR,WEEKLY,,,,,
2024-10-22 19:40:00,Hunter Mcspadden,False,Native Prairie ,sfccond,bnf:S20,Unanticipated Conditions - See Comments ,False,Dry,,Dry and Dusty ,0,0.55,164574,PM-2024-BNF-S20-00070,bnf,S20,sfccond,2024-10-24T19:18:35.727+00:00,25055,NEW,PMR,WEEKLY,,,,,
2024-10-25 19:50:00,Hunter Mcspadden,False,Native Prairie ,sfccond,bnf:S40,Mostly Uniform Grass,False,Dry,Fully Green but Noticeably Wilted ,Dry and Dusty ,0.254,0.254,164748,PM-2024-BNF-S40-00070,bnf,S40,sfccond,2024-10-25T20:53:58.675+00:00,25055,NEW,PMR,WEEKLY,,,,,
2024-10-29 15:28:00,Eli Carle,False,Native Prairie ,sfccond,bnf:S30,Mostly Clumped Grass,False,Dry,"Lush Green, Unwilted ",Dry and Dusty ,.25,.25,164978,PM-2024-BNF-S30-00065,bnf,S30,sfccond,2024-10-29T16:45:48.270+00:00,24975,NEW,PMR,WEEKLY,,,,,
2024-10-30 16:22:00,Eli Carle,False,Native Prairie ,sfccond,bnf:S40,Mostly Clumped Grass,False,Dry,"Lush Green, Unwilted ",Dry and Dusty ,.5,.5,165198,PM-2024-BNF-S40-00082,bnf,S40,sfccond,2024-10-30T18:45:10.809+00:00,24975,NEW,PMR,WEEKLY,,,,,
2024-11-01 15:01:00,Eli Carle,False,Native Prairie ,sfccond,bnf:S20,Mostly Clumped Grass,False,Slightly Wet Due to Rain or Dew,"Lush Green, Unwilted ",Muddy or Standing Water  ,0,1,165533,PM-2024-BNF-S20-00082,bnf,S20,sfccond,2024-11-01T18:09:51.475+00:00,24975,NEW,PMR,WEEKLY,,,,,
2024-11-04 19:15:00,Eli Carle,False,Native Prairie ,sfccond,bnf:S30,Mostly Clumped Grass,False,Dry,Fully Green but Noticeably Wilted ,Dry and Dusty ,.5,.5,165784,PM-2024-BNF-S30-00074,bnf,S30,sfccond,2024-11-04T20:55:42.848+00:00,24975,NEW,PMR,WEEKLY,,,,,
2024-11-05 17:52:00,Eli Carle,False,Native Prairie ,sfccond,bnf:S20,Mostly Clumped Grass,False,Slightly Wet Due to Rain or Dew,"Lush Green, Unwilted ",Moist but Not Muddy ,0,1,165960,PM-2024-BNF-S20-00094,bnf,S20,sfccond,2024-11-05T20:14:39.478+00:00,24975,NEW,PMR,WEEKLY,,,,,
2024-11-07 16:20:00,Eli Carle,False,Native Prairie ,sfccond,bnf:S40,Mostly Clumped Grass,False,Slightly Wet Due to Rain or Dew,"Lush Green, Unwilted ",Moist but Not Muddy ,1,1,166276,PM-2024-BNF-S40-00094,bnf,S40,sfccond,2024-11-07T18:13:24.870+00:00,24975,NEW,PMR,WEEKLY,,,,,
2024-11-13 16:35:00,Eli Carle,False,Native Prairie ,sfccond,bnf:S20,Mostly Clumped Grass,False,Slightly Wet Due to Rain or Dew,"Lush Green, Unwilted ",Moist but Not Muddy ,0,1,166881,PM-2024-BNF-S20-00106,bnf,S20,sfccond,2024-11-13T16:55:06.234+00:00,24975,NEW,PMR,WEEKLY,,,,,
2024-11-14 18:29:00,Eli Carle,False,Native Prairie ,sfccond,bnf:S40,Mostly Clumped Grass,False,Slightly Wet Due to Rain or Dew,"Lush Green, Unwilted ",Moist but Not Muddy ,1,1,167080,PM-2024-BNF-S40-00106,bnf,S40,sfccond,2024-11-14T19:43:43.540+00:00,24975,NEW,PMR,WEEKLY,,,,,
2024-11-15 18:07:00,Eli Carle,False,Native Prairie ,sfccond,bnf:S30,Mostly Clumped Grass,False,Dry,"Lush Green, Unwilted ",Moist but Not Muddy ,.5,.5,167266,PM-2024-BNF-S30-00084,bnf,S30,sfccond,2024-11-15T19:55:13.045+00:00,24975,NEW,PMR,WEEKLY,,,,,
2024-11-18 16:06:00,Eli Carle,False,Native Prairie ,sfccond,bnf:S20,Mostly Clumped Grass,False,Dry,"Lush Green, Unwilted ",Dry and Dusty ,0,1,167488,PM-2024-BNF-S20-00118,bnf,S20,sfccond,2024-11-18T18:18:31.603+00:00,24975,NEW,PMR,WEEKLY,,,,,
2024-11-20 16:25:00,Eli Carle,False,Native Prairie ,sfccond,bnf:S30,Mostly Clumped Grass,False,Slightly Wet Due to Rain or Dew,"Lush Green, Unwilted ",Moist but Not Muddy ,.5,.5,167817,PM-2024-BNF-S30-00093,bnf,S30,sfccond,2024-11-20T18:14:58.916+00:00,24975,NEW,PMR,WEEKLY,,,,,
2024-11-21 16:28:00,Eli Carle,False,Native Prairie ,sfccond,bnf:S40,Mostly Clumped Grass,False,Dry,"Lush Green, Unwilted ",Moist but Not Muddy ,1,1,168051,PM-2024-BNF-S40-00118,bnf,S40,sfccond,2024-11-21T18:19:12.420+00:00,24975,NEW,PMR,WEEKLY,,,,,
2024-11-25 16:30:00,Hunter Mcspadden,False,Native Prairie ,sfccond,bnf:S20,,False,,,Moist but Not Muddy ,0,0.0254,168587,PM-2024-BNF-S20-00130,bnf,S20,sfccond,2024-11-25T21:36:20.287+00:00,25055,NEW,PMR,WEEKLY,,,,,
2024-11-26 16:21:00,Hunter Mcspadden,False,Derived from Grazed Grassland ,sfccond,bnf:S30,Mostly Uniform Grass,False,Slightly Wet Due to Rain or Dew,"Lush Green, Unwilted ",Moist but Not Muddy ,0.2032,0.1016,168817,PM-2024-BNF-S30-00104,bnf,S30,sfccond,2024-11-26T20:55:52.506+00:00,25055,NEW,PMR,WEEKLY,,,,,
2024-12-02 16:46:00,Eli Carle,False,Native Prairie ,sfccond,bnf:S40,Mostly Clumped Grass,False,Dry,"Lush Green, Unwilted ",Moist but Not Muddy ,.5,.5,169348,PM-2024-BNF-S40-00141,bnf,S40,sfccond,2024-12-02T21:05:36.862+00:00,24975,NEW,PMR,WEEKLY,,,,,
2024-12-03 18:01:00,Eli Carle,False,Native Prairie ,sfccond,bnf:S30,Mostly Clumped Grass,False,Dry,"Lush Green, Unwilted ",Moist but Not Muddy ,.5,.5,169567,PM-2024-BNF-S30-00112,bnf,S30,sfccond,2024-12-03T20:12:20.633+00:00,24975,NEW,PMR,WEEKLY,,,,,
2024-12-04 18:01:00,Eli Carle,False,Native Prairie ,sfccond,bnf:S20,Mostly Clumped Grass,False,Dry,"Lush Green, Unwilted ",Dry and Dusty ,.5,.5,169790,PM-2024-BNF-S20-00139,bnf,S20,sfccond,2024-12-04T21:14:20.511+00:00,24975,NEW,PMR,WEEKLY,,,,,
2024-12-11 20:15:00,Eli Carle,False,Native Prairie ,sfccond,bnf:S30,Mostly Clumped Grass,False,Dry,"Lush Green, Unwilted ",Moist but Not Muddy ,.5,.5,170875,PM-2024-BNF-S30-00123,bnf,S30,sfccond,2024-12-11T21:34:56.357+00:00,24975,NEW,PMR,WEEKLY,,,,,
2024-12-12 18:48:00,Eli Carle,False,Native Prairie ,sfccond,bnf:S40,Mostly Clumped Grass,False,Dry,"Lush Green, Unwilted ",Moist but Not Muddy ,.5,.5,171059,PM-2024-BNF-S40-00153,bnf,S40,sfccond,2024-12-12T20:21:03.028+00:00,24975,NEW,PMR,WEEKLY,,,,,
2024-12-13 19:04:00,Eli Carle,False,Native Prairie ,sfccond,bnf:S20,Mostly Clumped Grass,False,Slightly Wet Due to Rain or Dew,"Lush Green, Unwilted ",Moist but Not Muddy ,0,1,171296,PM-2024-BNF-S20-00151,bnf,S20,sfccond,2024-12-13T20:52:23.013+00:00,24975,NEW,PMR,WEEKLY,,,,,
2024-12-19 15:17:00,Eli Carle,False,Native Prairie ,sfccond,bnf:S30,Mostly Clumped Grass,False,Dry,"Lush Green, Unwilted ",Moist but Not Muddy ,1,1,172196,PM-2024-BNF-S30-00132,bnf,S30,sfccond,2024-12-19T20:39:46.514+00:00,24975,NEW,PMR,WEEKLY,,,,,
2024-12-19 17:52:00,Eli Carle,False,Native Prairie ,sfccond,bnf:S40,Mostly Clumped Grass,False,Dry,"Lush Green, Unwilted ",Dry and Dusty ,.5,.5,172187,PM-2024-BNF-S40-00165,bnf,S40,sfccond,2024-12-19T20:21:26.046+00:00,24975,NEW,PMR,WEEKLY,,,,,
2024-12-20 18:33:00,Eli Carle,False,Native Prairie ,sfccond,bnf:S20,Mostly Uniform Grass,False,Slightly Wet Due to Rain or Dew,"Lush Green, Unwilted ",Moist but Not Muddy ,0,1,172365,PM-2024-BNF-S20-00163,bnf,S20,sfccond,2024-12-20T20:36:47.989+00:00,24975,NEW,PMR,WEEKLY,,,,,
2024-12-23 18:30:00,Eli Carle,False,Native Prairie ,sfccond,bnf:S20,Mostly Clumped Grass,False,Dry,"Lush Green, Unwilted ",Moist but Not Muddy ,0,1,172674,PM-2024-BNF-S20-00175,bnf,S20,sfccond,2024-12-23T20:34:38.391+00:00,24975,NEW,PMR,WEEKLY,,,,,
2024-12-26 16:52:00,Eli Carle,False,Native Prairie ,sfccond,bnf:S30,Mostly Clumped Grass,False,Dry,"Lush Green, Unwilted ",Moist but Not Muddy ,.5,.5,173186,PM-2024-BNF-S30-00142,bnf,S30,sfccond,2024-12-26T19:03:10.276+00:00,24975,NEW,PMR,WEEKLY,,,,,
2024-12-27 16:15:00,Eli Carle,False,Natural Forest ,sfccond,bnf:S40,Mostly Clumped Grass,False,Slightly Wet Due to Rain or Dew,"Lush Green, Unwilted ",Dry and Dusty ,1,1,173403,PM-2024-BNF-S40-00176,bnf,S40,sfccond,2024-12-27T19:37:22.935+00:00,24975,NEW,PMR,WEEKLY,,,,,
2024-12-30 17:13:00,Hunter Mcspadden,False,Native Prairie ,sfccond,bnf:S40,Mostly Uniform Grass,False,Slightly Wet Due to Rain or Dew,Fully Green but Noticeably Wilted ,Moist but Not Muddy ,0.0762,0.0762,173752,PM-2024-BNF-S40-00187,bnf,S40,sfccond,2024-12-30T21:28:09.122+00:00,25055,NEW,PMR,WEEKLY,,,,,
2024-12-30 18:48:00,Hunter Mcspadden,False,Native Prairie ,sfccond,bnf:S30,Mostly Clumped Grass,False,Slightly Wet Due to Rain or Dew,"Lush Green, Unwilted ",Moist but Not Muddy ,0.0762,0.0762,173763,PM-2024-BNF-S30-00151,bnf,S30,sfccond,2024-12-30T21:55:54.913+00:00,25055,NEW,PMR,WEEKLY,,,,,
2025-01-03 16:35:00,Hunter Mcspadden,False,Native Prairie ,sfccond,bnf:S40,Unanticipated Conditions - See Comments ,False,,,Moist but Not Muddy ,0,0.1016,174429,PM-2025-BNF-S40-00011,bnf,S40,sfccond,2025-01-03T22:14:40.462+00:00,25055,NEW,PMR,WEEKLY,no grass inside fence,,,,
2025-01-06 20:00:00,Hunter Mcspadden,False,Native Prairie ,sfccond,bnf:S40,Mostly Uniform Grass,False,Mostly Wet Due to Rain or Dew,Fully Green but Noticeably Wilted ,Muddy or Standing Water  ,0.1016,0.1016,174919,PM-2025-BNF-S40-00024,bnf,S40,sfccond,2025-01-07T21:08:44.321+00:00,25055,NEW,PMR,WEEKLY,,,,,
2025-01-09 16:37:00,Eli Carle,False,Native Prairie ,sfccond,bnf:S20,Mostly Clumped Grass,False,Slightly Wet Due to Rain or Dew,"Lush Green, Unwilted ",Moist but Not Muddy ,0,1,175296,PM-2025-BNF-S20-00012,bnf,S20,sfccond,2025-01-09T16:49:37.416+00:00,24975,NEW,PMR,WEEKLY,,,,,
2025-01-09 18:05:00,Eli Carle,False,Native Prairie ,sfccond,bnf:S30,Mostly Clumped Grass,False,Slightly Wet Due to Rain or Dew,"Lush Green, Unwilted ",Moist but Not Muddy ,.5,.5,175306,PM-2025-BNF-S30-00011,bnf,S30,sfccond,2025-01-09T17:03:36.116+00:00,24975,NEW,PMR,WEEKLY,,,,,
2025-01-16 16:41:00,Eli Carle,False,Native Prairie ,sfccond,bnf:S20,Mostly Uniform Grass,False,Dry,"Lush Green, Unwilted ",Moist but Not Muddy ,0,1,176470,PM-2025-BNF-S20-00024,bnf,S20,sfccond,2025-01-16T21:32:45.010+00:00,24975,NEW,PMR,WEEKLY,,,,,
2025-01-16 18:48:00,Eli Carle,False,Native Prairie ,sfccond,bnf:S30,Mostly Uniform Grass,False,Slightly Wet Due to Rain or Dew,"Lush Green, Unwilted ",Moist but Not Muddy ,1,1,176490,PM-2025-BNF-S30-00020,bnf,S30,sfccond,2025-01-16T21:55:25.933+00:00,24975,NEW,PMR,WEEKLY,,,,,
2025-01-16 20:26:00,Eli Carle,False,Native Prairie ,sfccond,bnf:S40,Mostly Clumped Grass,False,Dry,"Lush Green, Unwilted ",Moist but Not Muddy ,.5,.5,176481,PM-2025-BNF-S40-00035,bnf,S40,sfccond,2025-01-16T21:45:26.585+00:00,24975,NEW,PMR,WEEKLY,,,,,
2025-01-21 19:44:00,Eli Carle,False,Native Prairie ,sfccond,bnf:S20,Mostly Uniform Grass,False,Dry,"Lush Green, Unwilted ",Moist but Not Muddy ,0,1,177098,PM-2025-BNF-S20-00034,bnf,S20,sfccond,2025-01-21T20:58:02.386+00:00,24975,NEW,PMR,WEEKLY,,,,,
2025-01-22 16:58:00,Eli Carle,False,Native Prairie ,sfccond,bnf:S30,Mostly Clumped Grass,False,Slightly Wet Due to Rain or Dew,"Lush Green, Unwilted ",Moist but Not Muddy ,.5,.5,177250,PM-2025-BNF-S30-00030,bnf,S30,sfccond,2025-01-22T19:09:07.562+00:00,24975,NEW,PMR,WEEKLY,,,,,
2025-01-24 16:12:00,Eli Carle,False,Native Prairie ,sfccond,bnf:S40,Mostly Clumped Grass,False,Slightly Wet Due to Rain or Dew,"Lush Green, Unwilted ",Moist but Not Muddy ,.5,.5,177574,PM-2025-BNF-S40-00047,bnf,S40,sfccond,2025-01-24T18:30:40.799+00:00,24975,NEW,PMR,WEEKLY,,,,,
2025-01-27 18:51:00,Hunter Mcspadden,False,Native Prairie ,sfccond,bnf:S20,,False,Mostly Wet Due to Rain or Dew,,Muddy or Standing Water  ,0,.075,178024,PM-2025-BNF-S20-00046,bnf,S20,sfccond,2025-01-27T21:33:06.233+00:00,25055,NEW,PMR,WEEKLY,no grass inside fence,,,,
2025-01-28 18:25:00,Eli Carle,False,Natural Forest ,sfccond,bnf:S30,Mostly Uniform Grass,False,Slightly Wet Due to Rain or Dew,"Lush Green, Unwilted ",Moist but Not Muddy ,.5,.5,178150,PM-2025-BNF-S30-00041,bnf,S30,sfccond,2025-01-28T20:34:10.334+00:00,24975,NEW,PMR,WEEKLY,,,,,
2025-01-30 16:26:00,Eli Carle,False,Native Prairie ,sfccond,bnf:S40,Mostly Clumped Grass,False,Slightly Wet Due to Rain or Dew,"Lush Green, Unwilted ",Moist but Not Muddy ,.5,.5,178547,PM-2025-BNF-S40-00059,bnf,S40,sfccond,2025-01-30T16:43:04.393+00:00,24975,NEW,PMR,WEEKLY,,,,,
2025-02-05 16:08:00,Hunter Mcspadden,False,Native Prairie ,sfccond,bnf:S30,Mostly Clumped Grass,False,Slightly Wet Due to Rain or Dew,Fully Green but Noticeably Wilted ,Moist but Not Muddy ,0.0762,0.0762,179630,PM-2025-BNF-S30-00053,bnf,S30,sfccond,2025-02-06T19:03:33.665+00:00,25055,NEW,PMR,WEEKLY,,,,,
2025-02-05 18:41:00,Hunter Mcspadden,False,Native Prairie ,sfccond,bnf:S40,Mostly Uniform Grass,False,Slightly Wet Due to Rain or Dew,Fully Green but Noticeably Wilted ,Moist but Not Muddy ,0.1016,0.1016,179652,PM-2025-BNF-S40-00073,bnf,S40,sfccond,2025-02-06T19:30:03.000+00:00,25055,NEW,PMR,WEEKLY,,,,,
2025-02-05 20:35:00,Hunter Mcspadden,False,Native Prairie ,sfccond,bnf:S20,,False,Mostly Wet Due to Rain or Dew,,Muddy or Standing Water  ,0,0.127,179619,PM-2025-BNF-S20-00059,bnf,S20,sfccond,2025-02-06T18:45:33.647+00:00,25055,NEW,PMR,WEEKLY,,,,,
2025-02-10 21:52:00,Hunter Mcspadden,False,Native Prairie ,sfccond,bnf:S20,,False,Mostly Wet Due to Rain or Dew,,Moist but Not Muddy ,0,0.1016,180381,PM-2025-BNF-S20-00072,bnf,S20,sfccond,2025-02-11T18:50:19.927+00:00,25055,NEW,PMR,WEEKLY,,,,,
2025-02-19 18:18:00,Hunter Mcspadden,False,Native Prairie ,sfccond,bnf:S40,Mostly Uniform Grass,False,50-75% Snow Covered ,Fully Green but Noticeably Wilted ,Muddy or Standing Water  ,.012,.02,181643,PM-2025-BNF-S40-00095,bnf,S40,sfccond,2025-02-19T20:32:58.393+00:00,25055,NEW,PMR,WEEKLY,,,,,
2025-02-20 17:57:00,Hunter Mcspadden,False,Native Prairie ,sfccond,bnf:S30,Mostly Uniform Grass,False,25-50% Snow Covered ,Green W/ Brown Patches due to Freezing Conditions ,Moist but Not Muddy ,0.127,0.127,181898,PM-2025-BNF-S30-00070,bnf,S30,sfccond,2025-02-20T21:44:16.425+00:00,25055,NEW,PMR,WEEKLY,,,,,
2025-02-20 19:30:00,Hunter Mcspadden,False,Native Prairie ,sfccond,bnf:S20,,False,25-50% Snow Covered ,,Muddy or Standing Water  ,0,0.129,181870,PM-2025-BNF-S20-00083,bnf,S20,sfccond,2025-02-20T21:26:48.518+00:00,25055,NEW,PMR,WEEKLY,,,,,
2025-02-27 16:54:00,Hunter Mcspadden,False,Natural Forest ,sfccond,bnf:S40,Mostly Uniform Grass,False,Dry,"Lush Green, Unwilted ",Dry and Dusty ,0.1016,0.1016,183117,PM-2025-BNF-S40-00110,bnf,S40,sfccond,2025-02-28T15:08:28.916+00:00,25055,NEW,PMR,WEEKLY,,,,,
2025-02-27 18:49:00,Hunter Mcspadden,False,Native Prairie ,sfccond,bnf:S30,Mostly Uniform Grass,False,Dry,"Lush Green, Unwilted ",Dry and Dusty ,0.1016,0.1016,183145,PM-2025-BNF-S30-00081,bnf,S30,sfccond,2025-02-28T15:47:57.392+00:00,25055,NEW,PMR,WEEKLY,,,,,
2025-02-27 20:40:00,Hunter Mcspadden,False,Native Prairie ,sfccond,bnf:S30,,False,Slightly Wet Due to Rain or Dew,,Moist but Not Muddy ,0,0.1016,183177,PM-2025-BNF-S30-00094,bnf,S30,sfccond,2025-02-28T16:39:14.029+00:00,25055,NEW,PMR,WEEKLY,,,,,
2025-03-04 17:00:00,Hunter Mcspadden,False,Native Prairie ,sfccond,bnf:S20,,False,Slightly Wet Due to Rain or Dew,,Moist but Not Muddy ,0,0.254,183848,PM-2025-BNF-S20-00098,bnf,S20,sfccond,2025-03-05T16:36:01.990+00:00,25055,NEW,PMR,WEEKLY,,,,,
2025-03-18 17:22:00,Hunter Mcspadden,False,Native Prairie ,sfccond,bnf:S40,Mostly Uniform Grass,False,Slightly Wet Due to Rain or Dew,"Lush Green, Unwilted ",Moist but Not Muddy ,0.1016,0.1016,185859,PM-2025-BNF-S40-00133,bnf,S40,sfccond,2025-03-18T20:04:28.288+00:00,25055,NEW,PMR,WEEKLY,,,,,
2025-04-07 17:53:00,Hunter Mcspadden,False,Derived from Grazed Grassland ,sfccond,bnf:S40,Mostly Uniform Grass,False,Slightly Wet Due to Rain or Dew,"Lush Green, Unwilted ",Moist but Not Muddy ,.3,.3,188828,PM-2025-BNF-S40-00168,bnf,S40,sfccond,2025-04-07T16:39:27.102+00:00,25055,NEW,PMR,WEEKLY,,,,,
2025-04-08 15:10:00,Adam Elliott,False,Derived from Grazed Grassland ,sfccond,bnf:S30,Mostly Uniform Grass,False,Slightly Wet Due to Rain or Dew,"Lush Green, Unwilted ",Moist but Not Muddy ,.3,.3,189024,PM-2025-BNF-S30-00135,bnf,S30,sfccond,2025-04-08T21:01:49.670+00:00,25827,NEW,PMR,WEEKLY,,,,,
2025-04-14 18:10:00,Hunter Mcspadden,False,Natural Forest ,sfccond,bnf:S20,Mostly Uniform Grass,False,Dry,"Lush Green, Unwilted ",Dry and Dusty ,0.4572,0.6096,189948,PM-2025-BNF-S20-00119,bnf,S20,sfccond,2025-04-14T20:46:44.409+00:00,25055,NEW,PMR,WEEKLY,,,,,
2025-05-05 20:53:00,Hunter Mcspadden,False,Native Prairie ,sfccond,bnf:S30,Mostly Uniform Grass,False,Mostly Wet Due to Rain or Dew,"Lush Green, Unwilted ",Moist but Not Muddy ,0.762,0.1016,193369,PM-2025-BNF-S30-00171,bnf,S30,sfccond,2025-05-05T20:54:19.745+00:00,25055,NEW,PMR,WEEKLY,need to cut glass ,,,,
2025-08-19 20:40:00,Adam Elliott,False,Derived from Grazed Grassland ,sfccond,bnf:S30,Mostly Uniform Grass,False,Dry,"Lush Green, Unwilted ",Dry and Dusty ,.3,.3,209817,PM-2025-BNF-S30-00310,bnf,S30,sfccond,2025-08-19T20:40:52.139+00:00,25827,NEW,PMR,WEEKLY,,,,,
2025-08-19 21:03:00,Adam Elliott,False,Derived from Grazed Grassland ,sfccond,bnf:S30,Mostly Uniform Grass,False,Dry,"Lush Green, Unwilted ",Dry and Dusty ,.3,.3,209828,PM-2025-BNF-S30-00321,bnf,S30,sfccond,2025-08-19T21:03:41.650+00:00,25827,NEW,PMR,WEEKLY,,,,,
2025-08-20 15:00:00,Adam Elliott,False,Derived from Grazed Grassland ,sfccond,bnf:S20,Mostly Uniform Grass,False,Dry,"Lush Green, Unwilted ",Dry and Dusty ,.3,.3,209976,PM-2025-BNF-S20-00200,bnf,S20,sfccond,2025-08-20T17:30:27.206+00:00,25827,NEW,PMR,WEEKLY,,,,,
2025-09-04 16:30:00,Adam Elliott,False,Derived from Grazed Grassland ,sfccond,bnf:S30,Mostly Uniform Grass,False,Dry,"Lush Green, Unwilted ",Moist but Not Muddy ,.5,.5,212310,PM-2025-BNF-S30-00338,bnf,S30,sfccond,2025-09-04T16:42:15.190+00:00,25827,NEW,PMR,WEEKLY,,,,,
2025-09-23 19:00:00,Hunter Mcspadden,False,Native Prairie ,sfccond,bnf:S20,Mostly Uniform Grass,False,Mostly Wet Due to Rain or Dew,"Lush Green, Unwilted ",Moist but Not Muddy ,0.6096,0.6096,215455,PM-2025-BNF-S20-00242,bnf,S20,sfccond,2025-09-24T19:00:35.288+00:00,25055,NEW,PMR,WEEKLY,,,,,
2025-09-26 14:32:00,Hunter Mcspadden,False,Native Prairie ,sfccond,bnf:S40,Mostly Uniform Grass,False,Mostly Wet Due to Rain or Dew,Fully Green but Noticeably Wilted ,Moist but Not Muddy ,0.4572,0.4572,215794,PM-2025-BNF-S40-00381,bnf,S40,sfccond,2025-09-26T14:32:54.344+00:00,25055,NEW,PMR,WEEKLY,,,,,
2025-09-26 16:40:00,Hunter Mcspadden,False,Native Prairie ,sfccond,bnf:S30,Mostly Uniform Grass,False,Mostly Wet Due to Rain or Dew,Fully Green but Noticeably Wilted ,Moist but Not Muddy ,0.3,0.3,215891,PM-2025-BNF-S30-00365,bnf,S30,sfccond,2025-09-26T18:57:14.595+00:00,25055,NEW,PMR,WEEKLY,,,,,
2025-09-29 14:53:00,Hunter Mcspadden,False,Native Prairie ,sfccond,bnf:S20,Mostly Uniform Grass,False,Dry,"Lush Green, Unwilted ",Moist but Not Muddy ,0.762,0.762,216220,PM-2025-BNF-S20-00254,bnf,S20,sfccond,2025-09-29T18:18:17.670+00:00,25055,NEW,PMR,WEEKLY,,,,,
2025-09-30 14:23:00,Hunter Mcspadden,False,Native Prairie ,sfccond,bnf:S30,Mostly Uniform Grass,False,Slightly Wet Due to Rain or Dew,"Lush Green, Unwilted ",Moist but Not Muddy ,0.6096,0.6096,216677,PM-2025-BNF-S30-00374,bnf,S30,sfccond,2025-10-01T18:40:45.601+00:00,25055,NEW,PMR,WEEKLY,,,,,
2025-10-01 17:43:00,Hunter Mcspadden,False,Native Prairie ,sfccond,bnf:S40,Mostly Uniform Grass,False,Dry,"Lush Green, Unwilted ",Dry and Dusty ,0.762,0.762,216689,PM-2025-BNF-S40-00393,bnf,S40,sfccond,2025-10-01T18:52:47.713+00:00,25055,NEW,PMR,WEEKLY,,,,,
2025-10-08 18:50:00,Hunter Mcspadden,False,Native Prairie ,sfccond,bnf:S40,Mostly Uniform Grass,False,Mostly Wet Due to Rain or Dew,Fully Green but Noticeably Wilted ,Muddy or Standing Water  ,0.762,0.762,217793,PM-2025-BNF-S40-00405,bnf,S40,sfccond,2025-10-08T21:21:04.231+00:00,25055,NEW,PMR,WEEKLY,,,,,
2025-10-09 18:00:00,Hunter Mcspadden,False,Native Prairie ,sfccond,bnf:S20,Mostly Uniform Grass,False,Slightly Wet Due to Rain or Dew,Fully Green but Noticeably Wilted ,Moist but Not Muddy ,0.6096,0.6096,218070,PM-2025-BNF-S20-00266,bnf,S20,sfccond,2025-10-10T13:54:38.289+00:00,25055,NEW,PMR,WEEKLY,,,,,
2025-10-10 18:50:00,Hunter Mcspadden,False,Native Prairie ,sfccond,bnf:S30,Mostly Uniform Grass,False,Slightly Wet Due to Rain or Dew,Fully Green but Noticeably Wilted ,Moist but Not Muddy ,0.67056,0.67056,218159,PM-2025-BNF-S30-00385,bnf,S30,sfccond,2025-10-10T18:49:52.929+00:00,25055,NEW,PMR,WEEKLY,,,,,
2025-10-15 17:30:00,Hunter Mcspadden,False,Native Prairie ,sfccond,bnf:S30,Mostly Uniform Grass,False,Dry,"Green W/ Brown Patches because of Hot, Dry Weather",Dry and Dusty ,0.4572,0.4572,218854,PM-2025-BNF-S30-00395,bnf,S30,sfccond,2025-10-15T19:35:24.101+00:00,25055,NEW,PMR,WEEKLY,we weed eated the paths today,,,,
2025-10-15 19:25:00,Hunter Mcspadden,False,Native Prairie ,sfccond,bnf:S20,Mostly Uniform Grass,False,Dry,Fully Green but Noticeably Wilted ,Dry and Dusty ,0.6096,0.6096,218845,PM-2025-BNF-S20-00278,bnf,S20,sfccond,2025-10-15T19:25:36.157+00:00,25055,NEW,PMR,WEEKLY,weed eating of paths was done today,,,,
2025-10-16 15:37:00,Hunter Mcspadden,False,Derived from Grazed Grassland ,sfccond,bnf:S40,Mostly Uniform Grass,False,Dry,"Mostly Brown due to Hot, Dry Weather",Dry and Dusty ,0.381,0.381,219024,PM-2025-BNF-S40-00417,bnf,S40,sfccond,2025-10-16T18:25:58.683+00:00,25055,NEW,PMR,WEEKLY,there is logging at the edge of the field ,,,,
2025-10-20 15:32:00,Hunter Mcspadden,False,Derived from Grazed Grassland ,sfccond,bnf:S20,Mostly Uniform Grass,False,Dry,"Green W/ Brown Patches because of Hot, Dry Weather",Dry and Dusty ,0.6096,0.6096,219602,PM-2025-BNF-S20-00289,bnf,S20,sfccond,2025-10-21T17:14:31.022+00:00,25055,NEW,PMR,WEEKLY,,,,,
2025-10-20 17:43:00,Hunter Mcspadden,False,Derived from Grazed Grassland ,sfccond,bnf:S30,Mostly Uniform Grass,False,Dry,"Green W/ Brown Patches because of Hot, Dry Weather",Dry and Dusty ,0.4572,0.4572,219611,PM-2025-BNF-S30-00404,bnf,S30,sfccond,2025-10-21T17:42:55.993+00:00,25055,NEW,PMR,WEEKLY,,,,,
2025-10-23 15:10:00,Hunter Mcspadden,False,Derived from Grazed Grassland ,sfccond,bnf:S40,Mostly Uniform Grass,False,Dry,Brown due to Freezing Conditions,Dry and Dusty ,0.4572,0.4572,220028,PM-2025-BNF-S40-00429,bnf,S40,sfccond,2025-10-23T19:18:14.293+00:00,25055,NEW,PMR,WEEKLY,,,,,
2025-10-27 18:00:00,Hunter Mcspadden,False,Derived from Grazed Grassland ,sfccond,bnf:S40,Mostly Uniform Grass,False,Slightly Wet Due to Rain or Dew,Brown due to Freezing Conditions,Moist but Not Muddy ,0.6096,0.6096,220474,PM-2025-BNF-S40-00441,bnf,S40,sfccond,2025-10-27T19:38:12.989+00:00,25055,NEW,PMR,WEEKLY,,,,,
2025-10-28 17:30:00,Hunter Mcspadden,False,Native Prairie ,sfccond,bnf:S30,Mostly Uniform Grass,False,Slightly Wet Due to Rain or Dew,Brown due to Freezing Conditions,Moist but Not Muddy ,0.4572,0.4572,220640,PM-2025-BNF-S30-00415,bnf,S30,sfccond,2025-10-28T20:05:11.163+00:00,25055,NEW,PMR,WEEKLY,,,,,
2025-10-31 16:40:00,Hunter Mcspadden,False,Derived from Grazed Grassland ,sfccond,bnf:S20,Mostly Uniform Grass,False,Mostly Wet Due to Rain or Dew,Brown due to Freezing Conditions,Moist but Not Muddy ,0.6096,0.6096,221102,PM-2025-BNF-S20-00301,bnf,S20,sfccond,2025-10-31T20:53:16.693+00:00,25055,NEW,PMR,WEEKLY,,,,,
2025-11-04 17:54:00,Hunter Mcspadden,False,Derived from Grazed Grassland ,sfccond,bnf:S30,Mostly Uniform Grass,False,Dry,Brown due to Freezing Conditions,Dry and Dusty ,0.4572,0.4572,221577,PM-2025-BNF-S30-00424,bnf,S30,sfccond,2025-11-04T21:17:13.528+00:00,25055,NEW,PMR,WEEKLY,,,,,
2025-11-05 16:17:00,Hunter Mcspadden,False,Derived from Grazed Grassland ,sfccond,bnf:S30,Mostly Uniform Grass,False,Dry,Brown due to Freezing Conditions,Dry and Dusty ,0.6096,0.6096,221733,PM-2025-BNF-S30-00436,bnf,S30,sfccond,2025-11-05T19:54:07.550+00:00,25055,NEW,PMR,WEEKLY,,,,,
2025-11-05 18:48:00,Hunter Mcspadden,False,Derived from Grazed Grassland ,sfccond,bnf:S40,Mostly Uniform Grass,False,Dry,Brown due to Freezing Conditions,Dry and Dusty ,0.4572,0.4572,221764,PM-2025-BNF-S40-00453,bnf,S40,sfccond,2025-11-05T20:59:06.601+00:00,25055,NEW,PMR,WEEKLY,,,,,
2025-11-10 18:49:00,Hunter Mcspadden,False,Derived from Grazed Grassland ,sfccond,bnf:S20,Mostly Uniform Grass,False,Dry,Brown due to Freezing Conditions,Dry and Dusty ,0.4572,0.4572,222377,PM-2025-BNF-S20-00313,bnf,S20,sfccond,2025-11-10T21:03:53.441+00:00,25055,NEW,PMR,WEEKLY,,,,,
2025-11-12 16:00:00,Hunter Mcspadden,False,Derived from Grazed Grassland ,sfccond,bnf:S40,Mostly Uniform Grass,False,Dry,Brown due to Freezing Conditions,Dry and Dusty ,0.4572,0.4572,222846,PM-2025-BNF-S40-00465,bnf,S40,sfccond,2025-11-13T20:23:24.062+00:00,25055,NEW,PMR,WEEKLY,,,,,
2025-11-12 18:50:00,Hunter Mcspadden,False,Derived from Grazed Grassland ,sfccond,bnf:S30,Mostly Uniform Grass,False,Dry,Brown due to Freezing Conditions,Dry and Dusty ,0.4572,0.4572,222856,PM-2025-BNF-S30-00447,bnf,S30,sfccond,2025-11-13T20:43:25.826+00:00,25055,NEW,PMR,WEEKLY,,,,,
2025-11-17 15:30:00,Hunter Mcspadden,False,Native Prairie ,sfccond,bnf:S20,Mostly Uniform Grass,False,Dry,Brown due to Freezing Conditions,Dry and Dusty ,0.4572,0.4572,223541,PM-2025-BNF-S20-00325,bnf,S20,sfccond,2025-11-18T22:12:51.327+00:00,25055,NEW,PMR,WEEKLY,,,,,
2025-11-17 17:20:00,Hunter Mcspadden,False,Native Prairie ,sfccond,bnf:S30,Mostly Uniform Grass,False,Dry,Brown due to Freezing Conditions,Dry and Dusty ,0.4572,0.4572,223520,PM-2025-BNF-S30-00456,bnf,S30,sfccond,2025-11-18T21:54:17.867+00:00,25055,NEW,PMR,WEEKLY,,,,,
2025-11-25 18:17:00,Hunter Mcspadden,False,Derived from Grazed Grassland ,sfccond,bnf:S40,Mostly Uniform Grass,False,Mostly Wet Due to Rain or Dew,Brown due to Freezing Conditions,Muddy or Standing Water  ,0.4572,0.4572,224424,PM-2025-BNF-S40-00477,bnf,S40,sfccond,2025-11-25T19:26:30.581+00:00,25055,NEW,PMR,WEEKLY,,,,,
2025-12-01 16:20:00,Hunter Mcspadden,False,Derived from Grazed Grassland ,sfccond,bnf:S20,Mostly Uniform Grass,False,Slightly Wet Due to Rain or Dew,Brown due to Freezing Conditions,Moist but Not Muddy ,0.4572,0.4572,225133,PM-2025-BNF-S20-00346,bnf,S20,sfccond,2025-12-01T22:00:31.199+00:00,25055,NEW,PMR,WEEKLY,,,,,
2025-12-01 18:50:00,Hunter Mcspadden,False,Derived from Grazed Grassland ,sfccond,bnf:S30,Mostly Uniform Grass,False,Slightly Wet Due to Rain or Dew,Brown due to Freezing Conditions,Moist but Not Muddy ,0.4572,0.4572,225142,PM-2025-BNF-S30-00473,bnf,S30,sfccond,2025-12-01T22:07:52.474+00:00,25055,NEW,PMR,WEEKLY,,,,,
2025-12-02 16:08:00,Hunter Mcspadden,False,,sfccond,bnf:S40,Mostly Uniform Grass,False,Mostly Wet Due to Rain or Dew,Brown due to Freezing Conditions,Moist but Not Muddy ,0.4572,0.4572,225216,PM-2025-BNF-S40-00488,bnf,S40,sfccond,2025-12-02T21:36:02.922+00:00,25055,NEW,PMR,WEEKLY,,,,,
2025-12-09 17:00:00,Hunter Mcspadden,False,Derived from Grazed Grassland ,sfccond,bnf:S40,Mostly Uniform Grass,False,Dry,Brown due to Freezing Conditions,Dry and Dusty ,0.4572,0.4572,225944,PM-2025-BNF-S40-00501,bnf,S40,sfccond,2025-12-11T21:18:23.159+00:00,25055,NEW,PMR,WEEKLY,,,,,
2025-12-11 21:24:00,Hunter Mcspadden,False,Derived from Grazed Grassland ,sfccond,bnf:S30,Mostly Uniform Grass,False,Dry,Brown due to Freezing Conditions,Dry and Dusty ,0.4572,0.4572,225953,PM-2025-BNF-S30-00483,bnf,S30,sfccond,2025-12-11T21:39:26.393+00:00,25055,NEW,PMR,WEEKLY,,,,,
2025-12-22 16:00:00,Hunter Mcspadden,False,Derived from Grazed Grassland ,sfccond,bnf:S20,Mostly Uniform Grass,False,Slightly Wet Due to Rain or Dew,Brown due to Freezing Conditions,Moist but Not Muddy ,0.4572,0.4572,226822,PM-2025-BNF-S20-00379,bnf,S20,sfccond,2025-12-22T21:02:01.554+00:00,25055,NEW,PMR,WEEKLY,,,,,
2025-12-29 16:00:00,Hunter Mcspadden,False,Derived from Grazed Grassland ,sfccond,bnf:S30,Mostly Uniform Grass,False,Slightly Wet Due to Rain or Dew,Brown due to Freezing Conditions,Moist but Not Muddy ,0.42672,0.42672,227384,PM-2025-BNF-S30-00509,bnf,S30,sfccond,2025-12-29T18:52:23.155+00:00,25055,NEW,PMR,WEEKLY,,,,,
2025-12-30 16:00:00,Hunter Mcspadden,False,Derived from Grazed Grassland ,sfccond,bnf:S20,Mostly Uniform Grass,False,Dry,Brown due to Freezing Conditions,Dry and Dusty ,0.4572,0.4572,227555,PM-2025-BNF-S20-00389,bnf,S20,sfccond,2025-12-30T20:43:58.708+00:00,25055,NEW,PMR,WEEKLY,,,,,
2025-12-31 18:20:00,Hunter Mcspadden,False,Derived from Grazed Grassland ,sfccond,bnf:S40,Mostly Uniform Grass,False,Dry,Brown due to Freezing Conditions,Dry and Dusty ,0.4572,0.4572,227692,PM-2025-BNF-S40-00535,bnf,S40,sfccond,2025-12-31T20:57:08.274+00:00,25055,NEW,PMR,WEEKLY,,,,,
2026-01-05 16:00:00,Hunter Mcspadden,False,Derived from Grazed Grassland ,sfccond,bnf:S20,Mostly Uniform Grass,False,Dry,Brown due to Freezing Conditions,Dry and Dusty ,0.4572,0.4572,227985,PM-2026-BNF-S20-00010,bnf,S20,sfccond,2026-01-05T20:29:28.455+00:00,25055,NEW,PMR,WEEKLY,,,,,
2026-01-05 21:20:00,Hunter Mcspadden,False,Derived from Grazed Grassland ,sfccond,bnf:S40,Mostly Uniform Grass,False,Dry,Brown due to Freezing Conditions,Dry and Dusty ,0.4572,0.4572,228001,PM-2026-BNF-S40-00010,bnf,S40,sfccond,2026-01-05T21:18:21.965+00:00,25055,NEW,PMR,WEEKLY,,,,,
2026-01-06 15:40:00,Hunter Mcspadden,False,Derived from Grazed Grassland ,sfccond,bnf:S30,Mostly Uniform Grass,False,Dry,Brown due to Freezing Conditions,Dry and Dusty ,0.4572,0.4572,228104,PM-2026-BNF-S30-00009,bnf,S30,sfccond,2026-01-06T19:22:45.997+00:00,25055,NEW,PMR,WEEKLY,,,,,
2026-01-12 18:00:00,Hunter Mcspadden,False,Derived from Grazed Grassland ,sfccond,bnf:S40,Mostly Uniform Grass,False,Slightly Wet Due to Rain or Dew,Brown due to Freezing Conditions,Moist but Not Muddy ,0.4572,0.4572,228523,PM-2026-BNF-S40-00022,bnf,S40,sfccond,2026-01-12T20:45:54.604+00:00,25055,NEW,PMR,WEEKLY,,,,,
2026-01-15 15:00:00,Hunter Mcspadden,False,Derived from Grazed Grassland ,sfccond,bnf:S20,Mostly Uniform Grass,False,Slightly Wet Due to Rain or Dew,Brown due to Freezing Conditions,Moist but Not Muddy ,0.4572,0.4572,228868,PM-2026-BNF-S20-00021,bnf,S20,sfccond,2026-01-15T20:14:21.525+00:00,25055,NEW,PMR,WEEKLY,,,,,
2026-01-15 17:40:00,Hunter Mcspadden,False,Derived from Grazed Grassland ,sfccond,bnf:S30,Mostly Uniform Grass,False,Slightly Wet Due to Rain or Dew,Brown due to Freezing Conditions,Moist but Not Muddy ,0.4572,0.4572,228878,PM-2026-BNF-S30-00019,bnf,S30,sfccond,2026-01-15T20:56:36.692+00:00,25055,NEW,PMR,WEEKLY,,,,,
2026-01-20 16:10:00,Hunter Mcspadden,False,Derived from Grazed Grassland ,sfccond,bnf:S40,Mostly Uniform Grass,False,Slightly Wet Due to Rain or Dew,Brown due to Freezing Conditions,Moist but Not Muddy ,0.4572,0.4572,229188,PM-2026-BNF-S40-00034,bnf,S40,sfccond,2026-01-20T19:36:29.374+00:00,25055,NEW,PMR,WEEKLY,,,,,
2026-01-21 16:00:00,Hunter Mcspadden,False,Derived from Grazed Grassland ,sfccond,bnf:S20,Mostly Uniform Grass,False,Slightly Wet Due to Rain or Dew,Brown due to Freezing Conditions,Moist but Not Muddy ,0.4572,0.4572,229329,PM-2026-BNF-S20-00033,bnf,S20,sfccond,2026-01-21T21:41:38.164+00:00,25055,NEW,PMR,WEEKLY,,,,,
2026-01-22 16:20:00,Hunter Mcspadden,False,Derived from Grazed Grassland ,sfccond,bnf:S30,Mostly Uniform Grass,False,Mostly Wet Due to Rain or Dew,Brown due to Freezing Conditions,Muddy or Standing Water  ,0.3048,0.3048,229444,PM-2026-BNF-S30-00028,bnf,S30,sfccond,2026-01-22T19:11:31.053+00:00,25055,NEW,PMR,WEEKLY,,,,,
2026-01-28 16:00:00,Hunter Mcspadden,False,Derived from Grazed Grassland ,sfccond,bnf:S30,Mostly Uniform Grass,False,Slightly Wet Due to Rain or Dew,Brown due to Freezing Conditions,Moist but Not Muddy ,0.4572,0.4572,229869,PM-2026-BNF-S30-00038,bnf,S30,sfccond,2026-01-28T21:35:26.905+00:00,25055,NEW,PMR,WEEKLY,,,,,
2026-01-28 18:30:00,Hunter Mcspadden,False,Derived from Grazed Grassland ,sfccond,bnf:S20,Mostly Uniform Grass,False,Slightly Wet Due to Rain or Dew,Brown due to Freezing Conditions,Moist but Not Muddy ,0.4572,0.4572,229860,PM-2026-BNF-S20-00045,bnf,S20,sfccond,2026-01-28T21:23:41.760+00:00,25055,NEW,PMR,WEEKLY,,,,,
2026-02-02 16:00:00,Hunter Mcspadden,False,Derived from Grazed Grassland ,sfccond,bnf:S40,Mostly Uniform Grass,False,Slightly Wet Due to Rain or Dew,Brown due to Freezing Conditions,Moist but Not Muddy ,0.4572,0.4572,230252,PM-2026-BNF-S40-00056,bnf,S40,sfccond,2026-02-02T21:29:44.028+00:00,25055,NEW,PMR,WEEKLY,,,,,
2026-02-02 18:30:00,Hunter Mcspadden,False,Derived from Grazed Grassland ,sfccond,bnf:S30,Mostly Uniform Grass,False,Slightly Wet Due to Rain or Dew,Brown due to Freezing Conditions,Moist but Not Muddy ,0.4572,0.4572,230266,PM-2026-BNF-S30-00049,bnf,S30,sfccond,2026-02-02T22:07:01.522+00:00,25055,NEW,PMR,WEEKLY,,,,,
2026-02-03 15:36:00,Hunter Mcspadden,False,Derived from Grazed Grassland ,sfccond,bnf:S20,Mostly Uniform Grass,False,Slightly Wet Due to Rain or Dew,Brown due to Freezing Conditions,Moist but Not Muddy ,0.4572,0.4572,230315,PM-2026-BNF-S20-00058,bnf,S20,sfccond,2026-02-03T18:39:19.119+00:00,25055,NEW,PMR,WEEKLY,,,,,
2026-02-09 16:00:00,Hunter Mcspadden,False,,sfccond,bnf:S20,,False,,,,,,230761,PM-2026-BNF-S20-00069,bnf,S20,sfccond,2026-02-09T21:17:27.562+00:00,25055,NEW,PMR,WEEKLY,,Fallow/No Crop,Fallow/No Crop,,
2026-02-10 15:54:00,Hunter Mcspadden,False,,sfccond,bnf:S40,,False,,,,,,230939,PM-2026-BNF-S40-00068,bnf,S40,sfccond,2026-02-10T18:17:50.327+00:00,25055,NEW,PMR,WEEKLY,,Hay,,0.4572,
2026-02-18 16:04:00,Hunter Mcspadden,False,,sfccond,bnf:S20,,False,,,,,,231605,PM-2026-BNF-S20-00081,bnf,S20,sfccond,2026-02-18T20:47:10.386+00:00,25055,NEW,PMR,WEEKLY,,Fallow/No Crop,Fallow/No Crop,,
2026-02-19 18:00:00,Hunter Mcspadden,False,,sfccond,bnf:S40,,False,,,,,,231681,PM-2026-BNF-S40-00080,bnf,S40,sfccond,2026-02-19T20:07:38.089+00:00,25055,NEW,PMR,WEEKLY,,Hay,,0.4572,
2026-02-23 18:00:00,Hunter Mcspadden,False,,sfccond,bnf:S30,,False,,,,,,231965,PM-2026-BNF-S30-00076,bnf,S30,sfccond,2026-02-23T21:08:43.130+00:00,25055,NEW,PMR,WEEKLY,,Fallow/No Crop,Fallow/No Crop,,
2026-02-24 17:00:00,Hunter Mcspadden,False,,sfccond,bnf:S20,,False,,,,,,232049,PM-2026-BNF-S20-00093,bnf,S20,sfccond,2026-02-24T21:04:01.025+00:00,25055,NEW,PMR,WEEKLY,,Fallow/No Crop,Fallow/No Crop,,
2026-03-02 16:00:00,Hunter Mcspadden,False,,sfccond,bnf:S40,,False,,,,,,232459,PM-2026-BNF-S40-00103,bnf,S40,sfccond,2026-03-02T20:59:04.664+00:00,25055,NEW,PMR,WEEKLY,,Fallow/No Crop,,0.4572,
2026-03-02 21:24:00,Hunter Mcspadden,False,,sfccond,bnf:S30,,False,,,,,,232486,PM-2026-BNF-S30-00087,bnf,S30,sfccond,2026-03-02T21:24:17.129+00:00,25055,NEW,PMR,WEEKLY,,Fallow/No Crop,Fallow/No Crop,0.3048,0.3048
2026-03-03 16:00:00,Hunter Mcspadden,False,,sfccond,bnf:S20,,False,,,,,,232579,PM-2026-BNF-S20-00104,bnf,S20,sfccond,2026-03-03T18:24:21.626+00:00,25055,NEW,PMR,WEEKLY,,Fallow/No Crop,Fallow/No Crop,,
2026-03-10 16:30:00,Adam Elliott,False,,sfccond,bnf:S40,,False,,,,,,233103,PM-2026-BNF-S40-00115,bnf,S40,sfccond,2026-03-10T16:45:56.551+00:00,25827,NEW,PMR,WEEKLY,,Fallow/No Crop,,.3,
2026-03-12 16:50:00,Adam Elliott,False,,sfccond,bnf:S20,,False,,,,,,233395,PM-2026-BNF-S20-00115,bnf,S20,sfccond,2026-03-12T17:48:49.366+00:00,25827,NEW,PMR,WEEKLY,,Fallow/No Crop,Fallow/No Crop,.5m,.5m
2026-03-16 18:20:00,Hunter Mcspadden,False,,sfccond,bnf:S30,,False,,,,,,233749,PM-2026-BNF-S30-00097,bnf,S30,sfccond,2026-03-17T20:31:40.965+00:00,25055,NEW,PMR,WEEKLY,,Hay,Hay,0.3048,0.3048
2026-03-16 18:35:00,Adam Elliott,False,,sfccond,bnf:S40,,False,,,,,,233626,PM-2026-BNF-S40-00125,bnf,S40,sfccond,2026-03-16T19:45:50.855+00:00,25827,NEW,PMR,WEEKLY,,Fallow/No Crop,,.3m,
2026-03-17 18:11:00,Adam Elliott,False,,sfccond,bnf:S20,,False,,,,,,233723,PM-2026-BNF-S20-00128,bnf,S20,sfccond,2026-03-17T18:11:37.530+00:00,25827,NEW,PMR,WEEKLY,,Fallow/No Crop,Fallow/No Crop,.5m,.5m
2026-03-24 15:30:00,Adam Elliott,False,,sfccond,bnf:S30,,False,,,,,,234290,PM-2026-BNF-S30-00109,bnf,S30,sfccond,2026-03-24T15:52:38.102+00:00,25827,NEW,PMR,WEEKLY,,Fallow/No Crop,Fallow/No Crop,.3,.3
2026-03-24 18:35:00,Adam Elliott,False,,sfccond,bnf:S40,,False,,,,,,234336,PM-2026-BNF-S40-00139,bnf,S40,sfccond,2026-03-24T18:41:23.613+00:00,25827,NEW,PMR,WEEKLY,,Fallow/No Crop,,.5,
2026-03-30 16:50:00,Hunter Mcspadden,False,,sfccond,bnf:S30,,False,,,,,,234991,PM-2026-BNF-S30-00119,bnf,S30,sfccond,2026-03-31T19:44:23.167+00:00,25055,NEW,PMR,WEEKLY,,Hay,Hay,0.4572,0.4572
2026-03-31 15:00:00,Hunter Mcspadden,False,,sfccond,bnf:S20,,False,,,,,,235002,PM-2026-BNF-S20-00138,bnf,S20,sfccond,2026-03-31T20:14:25.324+00:00,25055,NEW,PMR,WEEKLY,,Tilled/Turned,Tilled/Turned,,
2026-04-06 14:30:00,Hunter Mcspadden,False,,sfccond,bnf:S30,,False,,,,,,235399,PM-2026-BNF-S30-00127,bnf,S30,sfccond,2026-04-06T19:52:00.389+00:00,25055,NEW,PMR,WEEKLY,,Hay,Hay,0.4572,0.4572
2026-04-07 15:55:00,Adam Elliott,False,,sfccond,bnf:S20,,False,,,,,,235502,PM-2026-BNF-S20-00151,bnf,S20,sfccond,2026-04-07T16:10:49.161+00:00,25827,NEW,PMR,WEEKLY,,Fallow/No Crop,Fallow/No Crop,.8m,.8
2026-04-07 18:33:00,Adam Elliott,False,,sfccond,bnf:S40,,False,,,,,,235531,PM-2026-BNF-S40-00152,bnf,S40,sfccond,2026-04-07T18:33:42.138+00:00,25827,NEW,PMR,WEEKLY,,Fallow/No Crop,,.5m,
2026-04-13 14:25:00,Hunter Mcspadden,False,,sfccond,bnf:S30,,False,,,,,,235971,PM-2026-BNF-S30-00136,bnf,S30,sfccond,2026-04-13T20:02:32.825+00:00,25055,NEW,PMR,WEEKLY,,Hay,Hay,0.4572,0.4572
2026-04-14 15:19:00,Ashley Morgan,False,,sfccond,bnf:S40,,False,,,,,,236054,PM-2026-BNF-S40-00162,bnf,S40,sfccond,2026-04-14T18:03:47.171+00:00,28117,NEW,PMR,WEEKLY,,Hay,,30.48,
2026-04-15 15:51:00,Ashley Morgan,False,,sfccond,bnf:S20,,False,,,,,,236165,PM-2026-BNF-S20-00162,bnf,S20,sfccond,2026-04-15T18:36:25.306+00:00,28117,NEW,PMR,WEEKLY,,Hay,Hay,45.72,45.72
